{
  "WebSocket Single Write Sampler" : {
    "transaction" : "WebSocket Single Write Sampler",
    "sampleCount" : 30000,
    "errorCount" : 0,
    "errorPct" : 0.0,
    "meanResTime" : 0.03016666666666668,
    "medianResTime" : 0.0,
    "minResTime" : 0.0,
    "maxResTime" : 9.0,
    "pct1ResTime" : 0.0,
    "pct2ResTime" : 0.0,
    "pct3ResTime" : 1.0,
    "throughput" : 2167.003756139844,
    "receivedKBytesPerSec" : 0.0,
    "sentKBytesPerSec" : 340.46457682479775
  },
  "WebSocket Single Read Sampler" : {
    "transaction" : "WebSocket Single Read Sampler",
    "sampleCount" : 30000,
    "errorCount" : 0,
    "errorPct" : 0.0,
    "meanResTime" : 36.2235333333335,
    "medianResTime" : 35.0,
    "minResTime" : 0.0,
    "maxResTime" : 437.0,
    "pct1ResTime" : 43.0,
    "pct2ResTime" : 46.0,
    "pct3ResTime" : 56.0,
    "throughput" : 2162.473870107403,
    "receivedKBytesPerSec" : 504.46686008794063,
    "sentKBytesPerSec" : 0.0
  },
  "Total" : {
    "transaction" : "Total",
    "sampleCount" : 130600,
    "errorCount" : 0,
    "errorPct" : 0.0,
    "meanResTime" : 588.6753828483896,
    "medianResTime" : 857.0,
    "minResTime" : 0.0,
    "maxResTime" : 5607.0,
    "pct1ResTime" : 943.0,
    "pct2ResTime" : 972.0,
    "pct3ResTime" : 1026.9900000000016,
    "throughput" : 1146.519181810201,
    "receivedKBytesPerSec" : 885.8143044673427,
    "sentKBytesPerSec" : 143.98837521124133
  },
  "WebSocket Open Connection" : {
    "transaction" : "WebSocket Open Connection",
    "sampleCount" : 300,
    "errorCount" : 0,
    "errorPct" : 0.0,
    "meanResTime" : 70.49333333333338,
    "medianResTime" : 69.0,
    "minResTime" : 43.0,
    "maxResTime" : 213.0,
    "pct1ResTime" : 86.0,
    "pct2ResTime" : 90.0,
    "pct3ResTime" : 142.84000000000015,
    "throughput" : 30.19627579265224,
    "receivedKBytesPerSec" : 31.523260568696525,
    "sentKBytesPerSec" : 5.852887518872672
  },
  "WebSocket Close" : {
    "transaction" : "WebSocket Close",
    "sampleCount" : 300,
    "errorCount" : 0,
    "errorPct" : 0.0,
    "meanResTime" : 36.18666666666664,
    "medianResTime" : 35.0,
    "minResTime" : 17.0,
    "maxResTime" : 222.0,
    "pct1ResTime" : 43.0,
    "pct2ResTime" : 45.0,
    "pct3ResTime" : 71.92000000000007,
    "throughput" : 29.010733971569483,
    "receivedKBytesPerSec" : 0.7649314621409922,
    "sentKBytesPerSec" : 0.8782546417174355
  },
  "HTTP Request" : {
    "transaction" : "HTTP Request",
    "sampleCount" : 70000,
    "errorCount" : 0,
    "errorPct" : 0.0,
    "meanResTime" : 1082.3055714285554,
    "medianResTime" : 857.0,
    "minResTime" : 34.0,
    "maxResTime" : 5607.0,
    "pct1ResTime" : 943.0,
    "pct2ResTime" : 972.0,
    "pct3ResTime" : 1026.9900000000016,
    "throughput" : 614.709110867179,
    "receivedKBytesPerSec" : 821.8093955817783,
    "sentKBytesPerSec" : 102.051317233809
  }
}