{
  "WebSocket Single Write Sampler" : {
    "transaction" : "WebSocket Single Write Sampler",
    "sampleCount" : 250000,
    "errorCount" : 0,
    "errorPct" : 0.0,
    "meanResTime" : 0.026916000000000235,
    "medianResTime" : 0.0,
    "minResTime" : 0.0,
    "maxResTime" : 20.0,
    "pct1ResTime" : 0.0,
    "pct2ResTime" : 0.0,
    "pct3ResTime" : 1.0,
    "throughput" : 5135.262822751268,
    "receivedKBytesPerSec" : 0.0,
    "sentKBytesPerSec" : 806.8458148570857
  },
  "WebSocket Single Read Sampler" : {
    "transaction" : "WebSocket Single Read Sampler",
    "sampleCount" : 250000,
    "errorCount" : 0,
    "errorPct" : 0.0,
    "meanResTime" : 36.79223200000029,
    "medianResTime" : 35.0,
    "minResTime" : 0.0,
    "maxResTime" : 281.0,
    "pct1ResTime" : 42.0,
    "pct2ResTime" : 43.0,
    "pct3ResTime" : 48.0,
    "throughput" : 5132.310976986718,
    "receivedKBytesPerSec" : 1197.3049794001868,
    "sentKBytesPerSec" : 0.0
  },
  "Total" : {
    "transaction" : "Total",
    "sampleCount" : 750500,
    "errorCount" : 0,
    "errorPct" : 0.0,
    "meanResTime" : 128.0716415722855,
    "medianResTime" : 310.0,
    "minResTime" : 0.0,
    "maxResTime" : 1612.0,
    "pct1ResTime" : 399.0,
    "pct2ResTime" : 425.0,
    "pct3ResTime" : 478.0,
    "throughput" : 2112.0557436378012,
    "receivedKBytesPerSec" : 1219.3282187919492,
    "sentKBytesPerSec" : 227.49869634467314
  },
  "WebSocket Open Connection" : {
    "transaction" : "WebSocket Open Connection",
    "sampleCount" : 250,
    "errorCount" : 0,
    "errorPct" : 0.0,
    "meanResTime" : 68.65199999999999,
    "medianResTime" : 66.0,
    "minResTime" : 47.0,
    "maxResTime" : 205.0,
    "pct1ResTime" : 84.9,
    "pct2ResTime" : 91.24999999999994,
    "pct3ResTime" : 124.31000000000017,
    "throughput" : 24.945120734384354,
    "receivedKBytesPerSec" : 26.041341860407105,
    "sentKBytesPerSec" : 4.835845514867292
  },
  "WebSocket Close" : {
    "transaction" : "WebSocket Close",
    "sampleCount" : 250,
    "errorCount" : 0,
    "errorPct" : 0.0,
    "meanResTime" : 33.775999999999996,
    "medianResTime" : 33.0,
    "minResTime" : 20.0,
    "maxResTime" : 52.0,
    "pct1ResTime" : 41.0,
    "pct2ResTime" : 43.0,
    "pct3ResTime" : 48.98000000000002,
    "throughput" : 21.45002145002145,
    "receivedKBytesPerSec" : 0.5655767374517375,
    "sentKBytesPerSec" : 0.6493658837408838
  },
  "HTTP Request" : {
    "transaction" : "HTTP Request",
    "sampleCount" : 250000,
    "errorCount" : 0,
    "errorPct" : 0.0,
    "meanResTime" : 347.5494919999904,
    "medianResTime" : 310.0,
    "minResTime" : 31.0,
    "maxResTime" : 1612.0,
    "pct1ResTime" : 399.0,
    "pct2ResTime" : 425.0,
    "pct3ResTime" : 478.0,
    "throughput" : 703.5792483522174,
    "receivedKBytesPerSec" : 1054.4902642001641,
    "sentKBytesPerSec" : 116.80514865222358
  }
}