{
  "WebSocket Single Write Sampler" : {
    "transaction" : "WebSocket Single Write Sampler",
    "sampleCount" : 30000,
    "errorCount" : 0,
    "errorPct" : 0.0,
    "meanResTime" : 0.03449999999999977,
    "medianResTime" : 0.0,
    "minResTime" : 0.0,
    "maxResTime" : 27.0,
    "pct1ResTime" : 0.0,
    "pct2ResTime" : 0.0,
    "pct3ResTime" : 1.0,
    "throughput" : 1340.542472854015,
    "receivedKBytesPerSec" : 0.0,
    "sentKBytesPerSec" : 210.6214775850127
  },
  "WebSocket Single Read Sampler" : {
    "transaction" : "WebSocket Single Read Sampler",
    "sampleCount" : 30000,
    "errorCount" : 0,
    "errorPct" : 0.0,
    "meanResTime" : 84.44203333333341,
    "medianResTime" : 37.0,
    "minResTime" : 0.0,
    "maxResTime" : 2357.0,
    "pct1ResTime" : 140.0,
    "pct2ResTime" : 533.0,
    "pct3ResTime" : 1535.9900000000016,
    "throughput" : 1339.1661458798321,
    "receivedKBytesPerSec" : 312.40928369955805,
    "sentKBytesPerSec" : 0.0
  },
  "Total" : {
    "transaction" : "Total",
    "sampleCount" : 130600,
    "errorCount" : 0,
    "errorPct" : 0.0,
    "meanResTime" : 2810.4054594180516,
    "medianResTime" : 561.0,
    "minResTime" : 0.0,
    "maxResTime" : 40817.0,
    "pct1ResTime" : 949.9000000000015,
    "pct2ResTime" : 1015.0,
    "pct3ResTime" : 1154.0,
    "throughput" : 247.8220690675932,
    "receivedKBytesPerSec" : 194.06998552572531,
    "sentKBytesPerSec" : 31.253839605420207
  },
  "WebSocket Open Connection" : {
    "transaction" : "WebSocket Open Connection",
    "sampleCount" : 300,
    "errorCount" : 0,
    "errorPct" : 0.0,
    "meanResTime" : 202.31333333333333,
    "medianResTime" : 78.0,
    "minResTime" : 48.0,
    "maxResTime" : 1904.0,
    "pct1ResTime" : 699.100000000001,
    "pct2ResTime" : 1167.3499999999988,
    "pct3ResTime" : 1795.7900000000002,
    "throughput" : 25.55366269165247,
    "receivedKBytesPerSec" : 26.67662638415673,
    "sentKBytesPerSec" : 4.979470560051107
  },
  "WebSocket Close" : {
    "transaction" : "WebSocket Close",
    "sampleCount" : 300,
    "errorCount" : 0,
    "errorPct" : 0.0,
    "meanResTime" : 87.05666666666664,
    "medianResTime" : 35.0,
    "minResTime" : 21.0,
    "maxResTime" : 1737.0,
    "pct1ResTime" : 61.600000000000136,
    "pct2ResTime" : 330.599999999999,
    "pct3ResTime" : 1711.2200000000016,
    "throughput" : 16.211834639286682,
    "receivedKBytesPerSec" : 0.42746048365306677,
    "sentKBytesPerSec" : 0.49078796271278036
  },
  "HTTP Request" : {
    "transaction" : "HTTP Request",
    "sampleCount" : 70000,
    "errorCount" : 0,
    "errorPct" : 0.0,
    "meanResTime" : 5205.96922857141,
    "medianResTime" : 561.0,
    "minResTime" : 25.0,
    "maxResTime" : 40817.0,
    "pct1ResTime" : 949.9000000000015,
    "pct2ResTime" : 1015.0,
    "pct3ResTime" : 1154.0,
    "throughput" : 132.8346341639293,
    "receivedKBytesPerSec" : 180.18723842251282,
    "sentKBytesPerSec" : 22.18234613479679
  }
}