{
  "WebSocket Single Write Sampler" : {
    "transaction" : "WebSocket Single Write Sampler",
    "sampleCount" : 250000,
    "errorCount" : 0,
    "errorPct" : 0.0,
    "meanResTime" : 0.05412800000000051,
    "medianResTime" : 0.0,
    "minResTime" : 0.0,
    "maxResTime" : 23.0,
    "pct1ResTime" : 0.0,
    "pct2ResTime" : 0.0,
    "pct3ResTime" : 1.0,
    "throughput" : 4865.138364535087,
    "receivedKBytesPerSec" : 0.0,
    "sentKBytesPerSec" : 764.4020828569552
  },
  "WebSocket Single Read Sampler" : {
    "transaction" : "WebSocket Single Read Sampler",
    "sampleCount" : 250000,
    "errorCount" : 0,
    "errorPct" : 0.0,
    "meanResTime" : 38.79252000000029,
    "medianResTime" : 35.0,
    "minResTime" : 0.0,
    "maxResTime" : 299.0,
    "pct1ResTime" : 44.0,
    "pct2ResTime" : 47.0,
    "pct3ResTime" : 54.0,
    "throughput" : 4863.245535540598,
    "receivedKBytesPerSec" : 1134.5329111023032,
    "sentKBytesPerSec" : 0.0
  },
  "Total" : {
    "transaction" : "Total",
    "sampleCount" : 513771,
    "errorCount" : 1069,
    "errorPct" : 0.20806935,
    "meanResTime" : 899.0216419377495,
    "medianResTime" : 15851.0,
    "minResTime" : 0.0,
    "maxResTime" : 120047.0,
    "pct1ResTime" : 58110.10000000003,
    "pct2ResTime" : 66990.65000000001,
    "pct3ResTime" : 83752.85000000002,
    "throughput" : 283.2668498981384,
    "receivedKBytesPerSec" : 42.751412636596584,
    "sentKBytesPerSec" : 22.886617816618745
  },
  "WebSocket Open Connection" : {
    "transaction" : "WebSocket Open Connection",
    "sampleCount" : 250,
    "errorCount" : 0,
    "errorPct" : 0.0,
    "meanResTime" : 71.68799999999996,
    "medianResTime" : 70.0,
    "minResTime" : 43.0,
    "maxResTime" : 141.0,
    "pct1ResTime" : 87.9,
    "pct2ResTime" : 95.89999999999998,
    "pct3ResTime" : 106.98000000000002,
    "throughput" : 24.935168561739477,
    "receivedKBytesPerSec" : 26.030952336425294,
    "sentKBytesPerSec" : 4.859435779473369
  },
  "WebSocket Close" : {
    "transaction" : "WebSocket Close",
    "sampleCount" : 250,
    "errorCount" : 0,
    "errorPct" : 0.0,
    "meanResTime" : 35.66400000000001,
    "medianResTime" : 35.0,
    "minResTime" : 17.0,
    "maxResTime" : 58.0,
    "pct1ResTime" : 45.900000000000006,
    "pct2ResTime" : 47.44999999999999,
    "pct3ResTime" : 53.960000000000036,
    "throughput" : 21.245857057873717,
    "receivedKBytesPerSec" : 0.5601934966431547,
    "sentKBytesPerSec" : 0.6431851257754738
  },
  "HTTP Request" : {
    "transaction" : "HTTP Request",
    "sampleCount" : 13271,
    "errorCount" : 1069,
    "errorPct" : 8.055158,
    "meanResTime" : 34070.73679451443,
    "medianResTime" : 35609.0,
    "minResTime" : 28.0,
    "maxResTime" : 120047.0,
    "pct1ResTime" : 63354.4,
    "pct2ResTime" : 71419.4,
    "pct3ResTime" : 88054.20000000003,
    "throughput" : 7.316997864060755,
    "receivedKBytesPerSec" : 10.448324740678284,
    "sentKBytesPerSec" : 1.1988635928976437
  }
}